"Address","Occurrences","H1-1","H1-1 Length","Indexability","Indexability Status"
"https://bechtpriderestoration.com/","1","Restoration & Remodeling in Indianapolis, IN","44","Indexable",""
"https://bechtpriderestoration.com/services/fence-repair/","1","Fence Repair & Installation in Indianapolis & Central Indiana","61","Indexable",""
"https://bechtpriderestoration.com/service-areas/anderson-in/","1","Restoration & Remodeling Services in Anderson, IN","49","Indexable",""
"https://bechtpriderestoration.com/services/handyman-repairs/","1","Handyman Repairs in Indianapolis & Central Indiana","50","Indexable",""
"https://bechtpriderestoration.com/services/fire-damage/","1","Fire Damage Restoration in Indianapolis & Central Indiana","57","Indexable",""
"https://bechtpriderestoration.com/service-areas/westfield-in/","1","Restoration & Remodeling Services in Westfield, IN","50","Indexable",""
"https://bechtpriderestoration.com/services/gutter-cleaning/","1","Gutter Cleaning in Indianapolis & Central Indiana","49","Indexable",""
"https://bechtpriderestoration.com/service-areas/noblesville-in/","1","Restoration & Remodeling Services in Noblesville, IN","52","Indexable",""
"https://bechtpriderestoration.com/service-areas/zionsville-in/","1","Restoration & Remodeling Services in Zionsville, IN","51","Indexable",""
"https://bechtpriderestoration.com/services/decks/","1","Deck Building & Repair in Indianapolis & Central Indiana","56","Indexable",""
"https://bechtpriderestoration.com/services/kitchen-bathroom-remodeling/","1","Kitchen & Bathroom Remodeling in Indianapolis & Central Indiana","63","Indexable",""
"https://bechtpriderestoration.com/services/drywall/","1","Drywall Repair & Installation in Indianapolis & Central Indiana","63","Indexable",""
"https://bechtpriderestoration.com/service-areas/avon-in/","1","Restoration & Remodeling Services in Avon, IN","45","Indexable",""
"https://bechtpriderestoration.com/services/power-washing/","1","Power Washing in Indianapolis & Central Indiana","47","Indexable",""
"https://bechtpriderestoration.com/services/storm-damage/","1","Storm Damage Restoration in Indianapolis & Central Indiana","58","Indexable",""
"https://bechtpriderestoration.com/service-areas/carmel-in/","1","Restoration & Remodeling Services in Carmel, IN","47","Indexable",""
"https://bechtpriderestoration.com/service-areas/brownsburg-in/","1","Restoration & Remodeling Services in Brownsburg, IN","51","Indexable",""
"https://bechtpriderestoration.com/service-areas/greenwood-in/","1","Restoration & Remodeling Services in Greenwood, IN","50","Indexable",""
"https://bechtpriderestoration.com/service-areas/indianapolis-in/","1","Restoration & Remodeling Services in Indianapolis, IN","53","Indexable",""
"https://bechtpriderestoration.com/services/mold-remediation/","1","Mold Remediation in Indianapolis & Central Indiana","50","Indexable",""
"https://bechtpriderestoration.com/services/painting/","1","Interior & Exterior Painting in Indianapolis & Central Indiana","62","Indexable",""
"https://bechtpriderestoration.com/service-areas/plainfield-in/","1","Restoration & Remodeling Services in Plainfield, IN","51","Indexable",""
"https://bechtpriderestoration.com/service-areas/fortville-in/","1","Restoration & Remodeling Services in Fortville, IN","50","Indexable",""
"https://bechtpriderestoration.com/services/window-cleaning/","1","Window Cleaning in Indianapolis & Central Indiana","49","Indexable",""
"https://bechtpriderestoration.com/service-areas/fishers-in/","1","Restoration & Remodeling Services in Fishers, IN","48","Indexable",""
"https://bechtpriderestoration.com/service-areas/franklin-in/","1","Restoration & Remodeling Services in Franklin, IN","49","Indexable",""
"https://bechtpriderestoration.com/services/deck-and-fence-staining/","1","Deck & Fence Staining in Indianapolis & Central Indiana","55","Indexable",""
"https://bechtpriderestoration.com/service-areas/","1","Restoration & Remodeling Across Central Indiana","47","Indexable",""
"https://bechtpriderestoration.com/services/water-damage/","1","Water Damage Restoration in Indianapolis & Central Indiana","58","Indexable",""
"https://bechtpriderestoration.com/services/home-remodeling/","1","Home Remodeling in Indianapolis & Central Indiana","49","Indexable",""
"https://bechtpriderestoration.com/service-areas/mccordsville-in/","1","Restoration & Remodeling Services in McCordsville, IN","53","Indexable",""
