"Address","Occurrences","H2-1","H2-1 Length","H2-2","H2-2 Length","Indexability","Indexability Status"
"https://bechtpriderestoration.com/","9","Our Services","12","Why Choose Becht Pride?","23","Indexable",""
"https://bechtpriderestoration.com/services/fence-repair/","12","Fence Repair & Installation for your home","41","What’s included","15","Indexable",""
"https://bechtpriderestoration.com/service-areas/anderson-in/","9","Restoring Anderson homes with the existing details in mind","58","How we can help in Anderson","27","Indexable",""
"https://bechtpriderestoration.com/services/handyman-repairs/","12","Handyman Repairs for your home","30","What’s included","15","Indexable",""
"https://bechtpriderestoration.com/services/fire-damage/","12","Fire Damage Restoration for your home","37","What’s included","15","Indexable",""
"https://bechtpriderestoration.com/service-areas/westfield-in/","9","A clear scope for Westfield restoration and remodeling","54","How we can help in Westfield","28","Indexable",""
"https://bechtpriderestoration.com/services/gutter-cleaning/","12","Gutter Cleaning for your home","29","What’s included","15","Indexable",""
"https://bechtpriderestoration.com/service-areas/noblesville-in/","9","Repairing damage while planning the next stage of your home","59","How we can help in Noblesville","30","Indexable",""
"https://bechtpriderestoration.com/service-areas/zionsville-in/","9","Thoughtful repairs for Zionsville homes","39","How we can help in Zionsville","29","Indexable",""
"https://bechtpriderestoration.com/services/decks/","12","Deck Building & Repair for your home","36","What’s included","15","Indexable",""
"https://bechtpriderestoration.com/services/kitchen-bathroom-remodeling/","13","Kitchen & Bathroom Remodeling for your home","43","What’s included","15","Indexable",""
"https://bechtpriderestoration.com/services/drywall/","12","Drywall Repair & Installation for your home","43","What’s included","15","Indexable",""
"https://bechtpriderestoration.com/service-areas/avon-in/","9","Restoration and remodeling across Avon","38","How we can help in Avon","23","Indexable",""
"https://bechtpriderestoration.com/services/power-washing/","12","Power Washing for your home","27","What’s included","15","Indexable",""
"https://bechtpriderestoration.com/services/storm-damage/","12","Storm Damage Restoration for your home","38","What’s included","15","Indexable",""
"https://bechtpriderestoration.com/service-areas/carmel-in/","9","Basement moisture, finished spaces, and Carmel homes","52","How we can help in Carmel","25","Indexable",""
"https://bechtpriderestoration.com/service-areas/brownsburg-in/","9","A practical starting point for Brownsburg property damage","57","How we can help in Brownsburg","29","Indexable",""
"https://bechtpriderestoration.com/service-areas/greenwood-in/","9","Water damage and repair planning in Greenwood","45","How we can help in Greenwood","28","Indexable",""
"https://bechtpriderestoration.com/service-areas/indianapolis-in/","9","A repair plan that fits your Indianapolis home","46","How we can help in Indianapolis","31","Indexable",""
"https://bechtpriderestoration.com/services/mold-remediation/","12","Mold Remediation for your home","30","What’s included","15","Indexable",""
"https://bechtpriderestoration.com/services/painting/","12","Interior & Exterior Painting for your home","42","What’s included","15","Indexable",""
"https://bechtpriderestoration.com/service-areas/plainfield-in/","9","From water cleanup to a finished repair in Plainfield","53","How we can help in Plainfield","29","Indexable",""
"https://bechtpriderestoration.com/service-areas/fortville-in/","9","Restoration that considers the details of your Fortville home","61","How we can help in Fortville","28","Indexable",""
"https://bechtpriderestoration.com/services/window-cleaning/","12","Window Cleaning for your home","29","What’s included","15","Indexable",""
"https://bechtpriderestoration.com/service-areas/fishers-in/","9","Restoration for Fishers, from moisture cleanup to rebuilding","60","How we can help in Fishers","26","Indexable",""
"https://bechtpriderestoration.com/service-areas/franklin-in/","9","Repairing and updating homes in Franklin","40","How we can help in Franklin","27","Indexable",""
"https://bechtpriderestoration.com/services/deck-and-fence-staining/","12","Deck & Fence Staining for your home","35","What’s included","15","Indexable",""
"https://bechtpriderestoration.com/service-areas/","6","Find your service area","22","Help for the damage. A plan for the repairs.","44","Indexable",""
"https://bechtpriderestoration.com/services/water-damage/","12","Water Damage Restoration for your home","38","What’s included","15","Indexable",""
"https://bechtpriderestoration.com/services/home-remodeling/","13","Home Remodeling for your home","29","What’s included","15","Indexable",""
"https://bechtpriderestoration.com/service-areas/mccordsville-in/","9","Restoration for McCordsville's changing mix of homes","52","How we can help in McCordsville","31","Indexable",""
