"Type","Source","Destination","Size (Bytes)"
"Image","https://bechtpriderestoration.com/","https://bechtpriderestoration.com/gallery/misc-projects/outdoorbar.avif","102981"
"Image","https://bechtpriderestoration.com/","https://bechtpriderestoration.com/gallery/decks-fences-boat-docksandmore/gazebo.avif","148841"
"Image","https://bechtpriderestoration.com/","https://bechtpriderestoration.com/gallery/decks-fences-boat-docksandmore/fencebuild.avif","140232"
"Image","https://bechtpriderestoration.com/services/fence-repair/","https://bechtpriderestoration.com/gallery/decks-fences-boat-docksandmore/fencebuild.avif","140232"
"Image","https://bechtpriderestoration.com/","https://bechtpriderestoration.com/gallery/decks-fences-boat-docksandmore/newdeckbuild.avif","122550"
"Image","https://bechtpriderestoration.com/services/decks/","https://bechtpriderestoration.com/gallery/decks-fences-boat-docksandmore/newdeckbuild.avif","122550"
"Image","https://bechtpriderestoration.com/services/power-washing/","https://bechtpriderestoration.com/gallery/decks-fences-boat-docksandmore/newdeckbuild.avif","122550"
"Image","https://bechtpriderestoration.com/services/deck-and-fence-staining/","https://bechtpriderestoration.com/gallery/decks-fences-boat-docksandmore/newdeckbuild.avif","122550"
"Image","https://bechtpriderestoration.com/","https://bechtpriderestoration.com/images/services/storm-damage.jpg","174602"
"Image","https://bechtpriderestoration.com/","https://bechtpriderestoration.com/images/services/mold.jpg","160542"
"Image","https://bechtpriderestoration.com/","https://bechtpriderestoration.com/images/services/fire-damage.jpg","191164"
"Image","https://bechtpriderestoration.com/services/kitchen-bathroom-remodeling/","https://bechtpriderestoration.com/gallery/bathroom-remodels/twinremodel.avif","113446"
"Image","https://bechtpriderestoration.com/service-areas/anderson-in/","https://bechtpriderestoration.com/ppc/assets/fire.jpg","171292"
"Image","https://bechtpriderestoration.com/services/fire-damage/","https://bechtpriderestoration.com/ppc/assets/fire.jpg","171292"
"Image","https://bechtpriderestoration.com/service-areas/westfield-in/","https://bechtpriderestoration.com/ppc/assets/fire.jpg","171292"
"Image","https://bechtpriderestoration.com/service-areas/noblesville-in/","https://bechtpriderestoration.com/ppc/assets/fire.jpg","171292"
"Image","https://bechtpriderestoration.com/service-areas/zionsville-in/","https://bechtpriderestoration.com/ppc/assets/fire.jpg","171292"
"Image","https://bechtpriderestoration.com/service-areas/avon-in/","https://bechtpriderestoration.com/ppc/assets/fire.jpg","171292"
"Image","https://bechtpriderestoration.com/service-areas/carmel-in/","https://bechtpriderestoration.com/ppc/assets/fire.jpg","171292"
"Image","https://bechtpriderestoration.com/service-areas/brownsburg-in/","https://bechtpriderestoration.com/ppc/assets/fire.jpg","171292"
"Image","https://bechtpriderestoration.com/service-areas/greenwood-in/","https://bechtpriderestoration.com/ppc/assets/fire.jpg","171292"
"Image","https://bechtpriderestoration.com/service-areas/indianapolis-in/","https://bechtpriderestoration.com/ppc/assets/fire.jpg","171292"
"Image","https://bechtpriderestoration.com/service-areas/plainfield-in/","https://bechtpriderestoration.com/ppc/assets/fire.jpg","171292"
"Image","https://bechtpriderestoration.com/service-areas/fortville-in/","https://bechtpriderestoration.com/ppc/assets/fire.jpg","171292"
"Image","https://bechtpriderestoration.com/service-areas/fishers-in/","https://bechtpriderestoration.com/ppc/assets/fire.jpg","171292"
"Image","https://bechtpriderestoration.com/service-areas/franklin-in/","https://bechtpriderestoration.com/ppc/assets/fire.jpg","171292"
"Image","https://bechtpriderestoration.com/service-areas/","https://bechtpriderestoration.com/ppc/assets/fire.jpg","171292"
"Image","https://bechtpriderestoration.com/service-areas/mccordsville-in/","https://bechtpriderestoration.com/ppc/assets/fire.jpg","171292"
"Image","https://bechtpriderestoration.com/service-areas/anderson-in/","https://bechtpriderestoration.com/ppc/assets/restoration.jpg","104263"
"Image","https://bechtpriderestoration.com/service-areas/westfield-in/","https://bechtpriderestoration.com/ppc/assets/restoration.jpg","104263"
"Image","https://bechtpriderestoration.com/service-areas/noblesville-in/","https://bechtpriderestoration.com/ppc/assets/restoration.jpg","104263"
"Image","https://bechtpriderestoration.com/service-areas/zionsville-in/","https://bechtpriderestoration.com/ppc/assets/restoration.jpg","104263"
"Image","https://bechtpriderestoration.com/service-areas/avon-in/","https://bechtpriderestoration.com/ppc/assets/restoration.jpg","104263"
"Image","https://bechtpriderestoration.com/service-areas/carmel-in/","https://bechtpriderestoration.com/ppc/assets/restoration.jpg","104263"
"Image","https://bechtpriderestoration.com/service-areas/brownsburg-in/","https://bechtpriderestoration.com/ppc/assets/restoration.jpg","104263"
"Image","https://bechtpriderestoration.com/service-areas/greenwood-in/","https://bechtpriderestoration.com/ppc/assets/restoration.jpg","104263"
"Image","https://bechtpriderestoration.com/service-areas/indianapolis-in/","https://bechtpriderestoration.com/ppc/assets/restoration.jpg","104263"
"Image","https://bechtpriderestoration.com/service-areas/plainfield-in/","https://bechtpriderestoration.com/ppc/assets/restoration.jpg","104263"
"Image","https://bechtpriderestoration.com/service-areas/fortville-in/","https://bechtpriderestoration.com/ppc/assets/restoration.jpg","104263"
"Image","https://bechtpriderestoration.com/service-areas/fishers-in/","https://bechtpriderestoration.com/ppc/assets/restoration.jpg","104263"
"Image","https://bechtpriderestoration.com/service-areas/franklin-in/","https://bechtpriderestoration.com/ppc/assets/restoration.jpg","104263"
"Image","https://bechtpriderestoration.com/service-areas/","https://bechtpriderestoration.com/ppc/assets/restoration.jpg","104263"
"Image","https://bechtpriderestoration.com/service-areas/mccordsville-in/","https://bechtpriderestoration.com/ppc/assets/restoration.jpg","104263"
"Image","https://bechtpriderestoration.com/service-areas/anderson-in/","https://bechtpriderestoration.com/ppc/assets/mold.jpg","157004"
"Image","https://bechtpriderestoration.com/service-areas/westfield-in/","https://bechtpriderestoration.com/ppc/assets/mold.jpg","157004"
"Image","https://bechtpriderestoration.com/service-areas/noblesville-in/","https://bechtpriderestoration.com/ppc/assets/mold.jpg","157004"
"Image","https://bechtpriderestoration.com/service-areas/zionsville-in/","https://bechtpriderestoration.com/ppc/assets/mold.jpg","157004"
"Image","https://bechtpriderestoration.com/service-areas/avon-in/","https://bechtpriderestoration.com/ppc/assets/mold.jpg","157004"
"Image","https://bechtpriderestoration.com/service-areas/carmel-in/","https://bechtpriderestoration.com/ppc/assets/mold.jpg","157004"
"Image","https://bechtpriderestoration.com/service-areas/brownsburg-in/","https://bechtpriderestoration.com/ppc/assets/mold.jpg","157004"
"Image","https://bechtpriderestoration.com/service-areas/greenwood-in/","https://bechtpriderestoration.com/ppc/assets/mold.jpg","157004"
"Image","https://bechtpriderestoration.com/service-areas/indianapolis-in/","https://bechtpriderestoration.com/ppc/assets/mold.jpg","157004"
"Image","https://bechtpriderestoration.com/services/mold-remediation/","https://bechtpriderestoration.com/ppc/assets/mold.jpg","157004"
"Image","https://bechtpriderestoration.com/service-areas/plainfield-in/","https://bechtpriderestoration.com/ppc/assets/mold.jpg","157004"
"Image","https://bechtpriderestoration.com/service-areas/fortville-in/","https://bechtpriderestoration.com/ppc/assets/mold.jpg","157004"
"Image","https://bechtpriderestoration.com/service-areas/fishers-in/","https://bechtpriderestoration.com/ppc/assets/mold.jpg","157004"
"Image","https://bechtpriderestoration.com/service-areas/franklin-in/","https://bechtpriderestoration.com/ppc/assets/mold.jpg","157004"
"Image","https://bechtpriderestoration.com/service-areas/","https://bechtpriderestoration.com/ppc/assets/mold.jpg","157004"
"Image","https://bechtpriderestoration.com/service-areas/mccordsville-in/","https://bechtpriderestoration.com/ppc/assets/mold.jpg","157004"
"Image","https://bechtpriderestoration.com/service-areas/anderson-in/","https://bechtpriderestoration.com/ppc/assets/storm.jpg","157726"
"Image","https://bechtpriderestoration.com/service-areas/westfield-in/","https://bechtpriderestoration.com/ppc/assets/storm.jpg","157726"
"Image","https://bechtpriderestoration.com/services/gutter-cleaning/","https://bechtpriderestoration.com/ppc/assets/storm.jpg","157726"
"Image","https://bechtpriderestoration.com/service-areas/noblesville-in/","https://bechtpriderestoration.com/ppc/assets/storm.jpg","157726"
"Image","https://bechtpriderestoration.com/service-areas/zionsville-in/","https://bechtpriderestoration.com/ppc/assets/storm.jpg","157726"
"Image","https://bechtpriderestoration.com/service-areas/avon-in/","https://bechtpriderestoration.com/ppc/assets/storm.jpg","157726"
"Image","https://bechtpriderestoration.com/services/storm-damage/","https://bechtpriderestoration.com/ppc/assets/storm.jpg","157726"
"Image","https://bechtpriderestoration.com/service-areas/carmel-in/","https://bechtpriderestoration.com/ppc/assets/storm.jpg","157726"
"Image","https://bechtpriderestoration.com/service-areas/brownsburg-in/","https://bechtpriderestoration.com/ppc/assets/storm.jpg","157726"
"Image","https://bechtpriderestoration.com/service-areas/greenwood-in/","https://bechtpriderestoration.com/ppc/assets/storm.jpg","157726"
"Image","https://bechtpriderestoration.com/service-areas/indianapolis-in/","https://bechtpriderestoration.com/ppc/assets/storm.jpg","157726"
"Image","https://bechtpriderestoration.com/service-areas/plainfield-in/","https://bechtpriderestoration.com/ppc/assets/storm.jpg","157726"
"Image","https://bechtpriderestoration.com/service-areas/fortville-in/","https://bechtpriderestoration.com/ppc/assets/storm.jpg","157726"
"Image","https://bechtpriderestoration.com/service-areas/fishers-in/","https://bechtpriderestoration.com/ppc/assets/storm.jpg","157726"
"Image","https://bechtpriderestoration.com/service-areas/franklin-in/","https://bechtpriderestoration.com/ppc/assets/storm.jpg","157726"
"Image","https://bechtpriderestoration.com/service-areas/","https://bechtpriderestoration.com/ppc/assets/storm.jpg","157726"
"Image","https://bechtpriderestoration.com/service-areas/mccordsville-in/","https://bechtpriderestoration.com/ppc/assets/storm.jpg","157726"
