"Type","Source","Destination","Alt Text","Length","Path Type","Link Path","Link Position","Link Origin","Real Dimensions","Dimensions in Attributes","Display Dimensions"
"Image","https://bechtpriderestoration.com/","https://bechtpriderestoration.com/gallery/misc-projects/outdoorbar.avif","Custom outdoor bar","18","Root-Relative","//body/main/section[@id='gallery']/div/div[@class='gallery-grid']/div[@class='gallery-item'][7]/img","Content","HTML","","",""
"Image","https://bechtpriderestoration.com/","https://bechtpriderestoration.com/gallery/bathroom-remodels/customshowertile.avif","Custom shower tile work","23","Root-Relative","//body/main/section[@id='gallery']/div/div[@class='gallery-grid']/div[@class='gallery-item'][2]/img","Content","HTML","","",""
"Image","https://bechtpriderestoration.com/services/kitchen-bathroom-remodeling/","https://bechtpriderestoration.com/gallery/bathroom-remodels/customshowertile.avif","Custom tile shower from the Becht Pride project gallery","55","Root-Relative","//body/main/section[@class='service-content']/div/div/section[@class='seo-project-photos']/div/img[1]","Content","HTML","","",""
"Image","https://bechtpriderestoration.com/","https://bechtpriderestoration.com/gallery/bathroom-remodels/bluevanity.avif","Blue vanity bathroom remodel","28","Root-Relative","//body/main/section[@id='gallery']/div/div[@class='gallery-grid']/div[@class='gallery-item'][5]/img","Content","HTML","","",""
"Image","https://bechtpriderestoration.com/services/kitchen-bathroom-remodeling/","https://bechtpriderestoration.com/gallery/bathroom-remodels/bluevanity.avif","Bathroom with a blue vanity and tile floor","42","Root-Relative","//body/main/section[@class='service-content']/div/div/section[@class='seo-project-photos']/div/img[2]","Content","HTML","","",""
"Image","https://bechtpriderestoration.com/","https://bechtpriderestoration.com/image-assets/about.avif","Becht Pride Restoration team","28","Root-Relative","//body/main/section[@id='about']/div/div/div[@class='about-image']/img","Content","HTML","","",""
"Image","https://bechtpriderestoration.com/","https://bechtpriderestoration.com/images/services/remodeling.jpg","Home remodeling","15","Root-Relative","//body/main/section[@id='services']/div/div[@class='services-grid']/div[@class='service-card'][5]/div[@class='service-card-image']/img","Content","HTML","","",""
"Image","https://bechtpriderestoration.com/","https://bechtpriderestoration.com/gallery/decks-fences-boat-docksandmore/gazebo.avif","Gazebo construction","19","Root-Relative","//body/main/section[@id='gallery']/div/div[@class='gallery-grid']/div[@class='gallery-item'][6]/img","Content","HTML","","",""
"Image","https://bechtpriderestoration.com/","https://bechtpriderestoration.com/images/services/water-damage.jpg","Water damage restoration","24","Root-Relative","//body/main/section[@id='services']/div/div[@class='services-grid']/div[@class='service-card'][1]/div[@class='service-card-image']/img","Content","HTML","","",""
"Image","https://bechtpriderestoration.com/","https://bechtpriderestoration.com/gallery/decks-fences-boat-docksandmore/fencebuild.avif","New fence build","15","Root-Relative","//body/main/section[@id='gallery']/div/div[@class='gallery-grid']/div[@class='gallery-item'][8]/img","Content","HTML","","",""
"Image","https://bechtpriderestoration.com/services/fence-repair/","https://bechtpriderestoration.com/gallery/decks-fences-boat-docksandmore/fencebuild.avif","Fence Repair & Installation project detail","42","Root-Relative","//body/main/section[@class='seo-hero']/div/div/div[@class='seo-hero-photo']/img","Content","HTML","","",""
"Image","https://bechtpriderestoration.com/","https://bechtpriderestoration.com/image-assets/hero-firedamage2.jpg","Fire-damaged kitchen before and after restoration by Becht Pride","64","Root-Relative","//body/main/section[@class='hero']/div[@class='hero-inner']/div[@class='hero-image']/img","Content","HTML","","",""
"Image","https://bechtpriderestoration.com/","https://bechtpriderestoration.com/gallery/decks-fences-boat-docksandmore/newdeckbuild.avif","New deck build","14","Root-Relative","//body/main/section[@id='gallery']/div/div[@class='gallery-grid']/div[@class='gallery-item'][1]/img","Content","HTML","","",""
"Image","https://bechtpriderestoration.com/services/decks/","https://bechtpriderestoration.com/gallery/decks-fences-boat-docksandmore/newdeckbuild.avif","Deck Building & Repair project detail","37","Root-Relative","//body/main/section[@class='seo-hero']/div/div/div[@class='seo-hero-photo']/img","Content","HTML","","",""
"Image","https://bechtpriderestoration.com/services/power-washing/","https://bechtpriderestoration.com/gallery/decks-fences-boat-docksandmore/newdeckbuild.avif","Power Washing project detail","28","Root-Relative","//body/main/section[@class='seo-hero']/div/div/div[@class='seo-hero-photo']/img","Content","HTML","","",""
"Image","https://bechtpriderestoration.com/services/deck-and-fence-staining/","https://bechtpriderestoration.com/gallery/decks-fences-boat-docksandmore/newdeckbuild.avif","Deck & Fence Staining project detail","36","Root-Relative","//body/main/section[@class='seo-hero']/div/div/div[@class='seo-hero-photo']/img","Content","HTML","","",""
"Image","https://bechtpriderestoration.com/","https://bechtpriderestoration.com/images/services/handyman.jpg","Handyman repairs","16","Root-Relative","//body/main/section[@id='services']/div/div[@class='services-grid']/div[@class='service-card'][6]/div[@class='service-card-image']/img","Content","HTML","","",""
"Image","https://bechtpriderestoration.com/","https://bechtpriderestoration.com/images/services/storm-damage.jpg","Storm damage restoration","24","Root-Relative","//body/main/section[@id='services']/div/div[@class='services-grid']/div[@class='service-card'][4]/div[@class='service-card-image']/img","Content","HTML","","",""
"Image","https://bechtpriderestoration.com/","https://bechtpriderestoration.com/images/services/mold.jpg","Mold remediation","16","Root-Relative","//body/main/section[@id='services']/div/div[@class='services-grid']/div[@class='service-card'][3]/div[@class='service-card-image']/img","Content","HTML","","",""
"Image","https://bechtpriderestoration.com/","https://bechtpriderestoration.com/images/services/fire-damage.jpg","Fire damage restoration","23","Root-Relative","//body/main/section[@id='services']/div/div[@class='services-grid']/div[@class='service-card'][2]/div[@class='service-card-image']/img","Content","HTML","","",""
"Image","https://bechtpriderestoration.com/","https://bechtpriderestoration.com/image-assets/service-awards.avif","Becht Pride service recognition badges","38","Root-Relative","//body/main/div[2]/div/img","Content","HTML","","",""
"Image","https://bechtpriderestoration.com/","https://bechtpriderestoration.com/gallery/painting/exterior.avif","Exterior painting","17","Root-Relative","//body/main/section[@id='gallery']/div/div[@class='gallery-grid']/div[@class='gallery-item'][4]/img","Content","HTML","","",""
"Image","https://bechtpriderestoration.com/","https://bechtpriderestoration.com/gallery/misc-projects/newhardwood.avif","New hardwood flooring","21","Root-Relative","//body/main/section[@id='gallery']/div/div[@class='gallery-grid']/div[@class='gallery-item'][9]/img","Content","HTML","","",""
"Image","https://bechtpriderestoration.com/","https://bechtpriderestoration.com/gallery/decks-fences-boat-docksandmore/octagondeck.avif","Octagon deck","12","Root-Relative","//body/main/section[@id='gallery']/div/div[@class='gallery-grid']/div[@class='gallery-item'][3]/img","Content","HTML","","",""
"Image","https://bechtpriderestoration.com/services/painting/","https://bechtpriderestoration.com/gallery/painting/livingroom.avif","Interior & Exterior Painting project detail","43","Root-Relative","//body/main/section[@class='seo-hero']/div/div/div[@class='seo-hero-photo']/img","Content","HTML","","",""
"Image","https://bechtpriderestoration.com/services/kitchen-bathroom-remodeling/","https://bechtpriderestoration.com/gallery/bathroom-remodels/twinremodel.avif","Bathroom remodeling detail","26","Root-Relative","//body/main/section[@class='service-content']/div/div/section[@class='seo-project-photos']/div/img[4]","Content","HTML","","",""
"Image","https://bechtpriderestoration.com/services/kitchen-bathroom-remodeling/","https://bechtpriderestoration.com/gallery/bathroom-remodels/newshower.avif","Tiled shower installation","25","Root-Relative","//body/main/section[@class='service-content']/div/div/section[@class='seo-project-photos']/div/img[3]","Content","HTML","","",""
