"Address","Content Type","IMG Inlinks","Indexability","Indexability Status","Dimensions"
"https://bechtpriderestoration.com/gallery/misc-projects/outdoorbar.avif","image/avif","1","Indexable","",""
"https://bechtpriderestoration.com/gallery/decks-fences-boat-docksandmore/gazebo.avif","image/avif","1","Indexable","",""
"https://bechtpriderestoration.com/gallery/decks-fences-boat-docksandmore/fencebuild.avif","image/avif","2","Indexable","",""
"https://bechtpriderestoration.com/gallery/decks-fences-boat-docksandmore/newdeckbuild.avif","image/avif","4","Indexable","",""
"https://bechtpriderestoration.com/images/services/storm-damage.jpg","image/jpeg","1","Indexable","",""
"https://bechtpriderestoration.com/images/services/mold.jpg","image/jpeg","1","Indexable","",""
"https://bechtpriderestoration.com/images/services/fire-damage.jpg","image/jpeg","1","Indexable","",""
"https://bechtpriderestoration.com/gallery/bathroom-remodels/twinremodel.avif","image/avif","1","Indexable","",""
"https://bechtpriderestoration.com/ppc/assets/fire.jpg","image/jpeg","16","Indexable","",""
"https://bechtpriderestoration.com/ppc/assets/restoration.jpg","image/jpeg","15","Indexable","",""
"https://bechtpriderestoration.com/ppc/assets/mold.jpg","image/jpeg","16","Indexable","",""
"https://bechtpriderestoration.com/ppc/assets/storm.jpg","image/jpeg","17","Indexable","",""
