"Address","Content Type","Status Code","Status","HTTP Version","Indexability","Indexability Status","Canonical Link Element 1","Meta Robots 1","X-Robots-Tag 1"
"https://bechtpriderestoration.com/","text/html; charset=utf-8","200","OK","1.1","Indexable","","https://bechtpriderestoration.com/","",""
"https://bechtpriderestoration.com/js/main.js","application/javascript","200","OK","1.1","Indexable","","","",""
"https://bechtpriderestoration.com/gallery/misc-projects/outdoorbar.avif","image/avif","200","OK","1.1","Indexable","","","",""
"https://bechtpriderestoration.com/gallery/bathroom-remodels/customshowertile.avif","image/avif","200","OK","1.1","Indexable","","","",""
"https://bechtpriderestoration.com/services/fence-repair/","text/html; charset=utf-8","200","OK","1.1","Indexable","","https://bechtpriderestoration.com/services/fence-repair/","",""
"https://bechtpriderestoration.com/service-areas/anderson-in/","text/html; charset=utf-8","200","OK","1.1","Indexable","","https://bechtpriderestoration.com/service-areas/anderson-in/","",""
"https://bechtpriderestoration.com/gallery/bathroom-remodels/bluevanity.avif","image/avif","200","OK","1.1","Indexable","","","",""
"https://bechtpriderestoration.com/services/handyman-repairs/","text/html; charset=utf-8","200","OK","1.1","Indexable","","https://bechtpriderestoration.com/services/handyman-repairs/","",""
"https://bechtpriderestoration.com/image-assets/about.avif","image/avif","200","OK","1.1","Indexable","","","",""
"https://bechtpriderestoration.com/services/fire-damage/","text/html; charset=utf-8","200","OK","1.1","Indexable","","https://bechtpriderestoration.com/services/fire-damage/","",""
"https://bechtpriderestoration.com/images/services/remodeling.jpg","image/jpeg","200","OK","1.1","Indexable","","","",""
"https://bechtpriderestoration.com/service-areas/westfield-in/","text/html; charset=utf-8","200","OK","1.1","Indexable","","https://bechtpriderestoration.com/service-areas/westfield-in/","",""
"https://bechtpriderestoration.com/services/gutter-cleaning/","text/html; charset=utf-8","200","OK","1.1","Indexable","","https://bechtpriderestoration.com/services/gutter-cleaning/","",""
"https://bechtpriderestoration.com/service-areas/noblesville-in/","text/html; charset=utf-8","200","OK","1.1","Indexable","","https://bechtpriderestoration.com/service-areas/noblesville-in/","",""
"https://bechtpriderestoration.com/gallery/decks-fences-boat-docksandmore/gazebo.avif","image/avif","200","OK","1.1","Indexable","","","",""
"https://bechtpriderestoration.com/service-areas/zionsville-in/","text/html; charset=utf-8","200","OK","1.1","Indexable","","https://bechtpriderestoration.com/service-areas/zionsville-in/","",""
"https://bechtpriderestoration.com/services/decks/","text/html; charset=utf-8","200","OK","1.1","Indexable","","https://bechtpriderestoration.com/services/decks/","",""
"https://bechtpriderestoration.com/images/services/water-damage.jpg","image/jpeg","200","OK","1.1","Indexable","","","",""
"https://bechtpriderestoration.com/services/kitchen-bathroom-remodeling/","text/html; charset=utf-8","200","OK","1.1","Indexable","","https://bechtpriderestoration.com/services/kitchen-bathroom-remodeling/","",""
"https://bechtpriderestoration.com/services/drywall/","text/html; charset=utf-8","200","OK","1.1","Indexable","","https://bechtpriderestoration.com/services/drywall/","",""
"https://bechtpriderestoration.com/gallery/decks-fences-boat-docksandmore/fencebuild.avif","image/avif","200","OK","1.1","Indexable","","","",""
"https://bechtpriderestoration.com/image-assets/hero-firedamage2.jpg","image/jpeg","200","OK","1.1","Indexable","","","",""
"https://bechtpriderestoration.com/gallery/decks-fences-boat-docksandmore/newdeckbuild.avif","image/avif","200","OK","1.1","Indexable","","","",""
"https://bechtpriderestoration.com/service-areas/avon-in/","text/html; charset=utf-8","200","OK","1.1","Indexable","","https://bechtpriderestoration.com/service-areas/avon-in/","",""
"https://bechtpriderestoration.com/services/power-washing/","text/html; charset=utf-8","200","OK","1.1","Indexable","","https://bechtpriderestoration.com/services/power-washing/","",""
"https://bechtpriderestoration.com/images/services/handyman.jpg","image/jpeg","200","OK","1.1","Indexable","","","",""
"https://bechtpriderestoration.com/services/storm-damage/","text/html; charset=utf-8","200","OK","1.1","Indexable","","https://bechtpriderestoration.com/services/storm-damage/","",""
"https://bechtpriderestoration.com/service-areas/carmel-in/","text/html; charset=utf-8","200","OK","1.1","Indexable","","https://bechtpriderestoration.com/service-areas/carmel-in/","",""
"https://bechtpriderestoration.com/images/services/storm-damage.jpg","image/jpeg","200","OK","1.1","Indexable","","","",""
"https://bechtpriderestoration.com/images/services/mold.jpg","image/jpeg","200","OK","1.1","Indexable","","","",""
"https://bechtpriderestoration.com/service-areas/brownsburg-in/","text/html; charset=utf-8","200","OK","1.1","Indexable","","https://bechtpriderestoration.com/service-areas/brownsburg-in/","",""
"https://bechtpriderestoration.com/service-areas/greenwood-in/","text/html; charset=utf-8","200","OK","1.1","Indexable","","https://bechtpriderestoration.com/service-areas/greenwood-in/","",""
"https://bechtpriderestoration.com/image-assets/Becht_restoration_logo-01.svg","image/svg+xml","200","OK","1.1","Indexable","","","",""
"https://bechtpriderestoration.com/service-areas/indianapolis-in/","text/html; charset=utf-8","200","OK","1.1","Indexable","","https://bechtpriderestoration.com/service-areas/indianapolis-in/","",""
"https://bechtpriderestoration.com/images/services/fire-damage.jpg","image/jpeg","200","OK","1.1","Indexable","","","",""
"https://bechtpriderestoration.com/image-assets/service-awards.avif","image/avif","200","OK","1.1","Indexable","","","",""
"https://bechtpriderestoration.com/services/mold-remediation/","text/html; charset=utf-8","200","OK","1.1","Indexable","","https://bechtpriderestoration.com/services/mold-remediation/","",""
"https://bechtpriderestoration.com/services/painting/","text/html; charset=utf-8","200","OK","1.1","Indexable","","https://bechtpriderestoration.com/services/painting/","",""
"https://bechtpriderestoration.com/service-areas/plainfield-in/","text/html; charset=utf-8","200","OK","1.1","Indexable","","https://bechtpriderestoration.com/service-areas/plainfield-in/","",""
"https://bechtpriderestoration.com/service-areas/fortville-in/","text/html; charset=utf-8","200","OK","1.1","Indexable","","https://bechtpriderestoration.com/service-areas/fortville-in/","",""
"https://bechtpriderestoration.com/gallery/painting/exterior.avif","image/avif","200","OK","1.1","Indexable","","","",""
"https://bechtpriderestoration.com/css/styles.css","text/css; charset=utf-8","200","OK","1.1","Indexable","","","",""
"https://bechtpriderestoration.com/services/window-cleaning/","text/html; charset=utf-8","200","OK","1.1","Indexable","","https://bechtpriderestoration.com/services/window-cleaning/","",""
"https://bechtpriderestoration.com/gallery/misc-projects/newhardwood.avif","image/avif","200","OK","1.1","Indexable","","","",""
"https://bechtpriderestoration.com/service-areas/fishers-in/","text/html; charset=utf-8","200","OK","1.1","Indexable","","https://bechtpriderestoration.com/service-areas/fishers-in/","",""
"https://bechtpriderestoration.com/css/seo.css","text/css; charset=utf-8","200","OK","1.1","Indexable","","","",""
"https://bechtpriderestoration.com/service-areas/franklin-in/","text/html; charset=utf-8","200","OK","1.1","Indexable","","https://bechtpriderestoration.com/service-areas/franklin-in/","",""
"https://bechtpriderestoration.com/gallery/decks-fences-boat-docksandmore/octagondeck.avif","image/avif","200","OK","1.1","Indexable","","","",""
"https://bechtpriderestoration.com/services/deck-and-fence-staining/","text/html; charset=utf-8","200","OK","1.1","Indexable","","https://bechtpriderestoration.com/services/deck-and-fence-staining/","",""
"https://bechtpriderestoration.com/service-areas/","text/html; charset=utf-8","200","OK","1.1","Indexable","","https://bechtpriderestoration.com/service-areas/","",""
"https://bechtpriderestoration.com/services/water-damage/","text/html; charset=utf-8","200","OK","1.1","Indexable","","https://bechtpriderestoration.com/services/water-damage/","",""
"https://bechtpriderestoration.com/services/home-remodeling/","text/html; charset=utf-8","200","OK","1.1","Indexable","","https://bechtpriderestoration.com/services/home-remodeling/","",""
"https://bechtpriderestoration.com/service-areas/mccordsville-in/","text/html; charset=utf-8","200","OK","1.1","Indexable","","https://bechtpriderestoration.com/service-areas/mccordsville-in/","",""
"https://bechtpriderestoration.com/gallery/painting/livingroom.avif","image/avif","200","OK","1.1","Indexable","","","",""
"https://bechtpriderestoration.com/gallery/bathroom-remodels/twinremodel.avif","image/avif","200","OK","1.1","Indexable","","","",""
"https://bechtpriderestoration.com/gallery/bathroom-remodels/newshower.avif","image/avif","200","OK","1.1","Indexable","","","",""
"https://bechtpriderestoration.com/ppc/assets/flooring.jpg","image/jpeg","200","OK","1.1","Indexable","","","",""
"https://bechtpriderestoration.com/ppc/assets/remodeling.jpg","image/jpeg","200","OK","1.1","Indexable","","","",""
"https://bechtpriderestoration.com/ppc/assets/fire.jpg","image/jpeg","200","OK","1.1","Indexable","","","",""
"https://bechtpriderestoration.com/ppc/assets/restoration.jpg","image/jpeg","200","OK","1.1","Indexable","","","",""
"https://bechtpriderestoration.com/ppc/assets/mold.jpg","image/jpeg","200","OK","1.1","Indexable","","","",""
"https://bechtpriderestoration.com/ppc/assets/water.jpg","image/jpeg","200","OK","1.1","Indexable","","","",""
"https://bechtpriderestoration.com/ppc/assets/storm.jpg","image/jpeg","200","OK","1.1","Indexable","","","",""
"https://bechtpriderestoration.com/ppc/assets/bathroom.jpg","image/jpeg","200","OK","1.1","Indexable","","","",""
