URL,Page type,Title,Title characters,Meta description,Description characters
https://bechtpriderestoration.com/,home,"Restoration & Remodeling Indianapolis, IN | Becht Pride",55,"Restoration and remodeling in Indianapolis: water, fire, mold, storm cleanup and home repairs. Call (463) 238-4357 for 24/7 help or a free estimate.",148
https://bechtpriderestoration.com/services/water-damage/,service,"Water Damage Restoration Indianapolis, IN | Becht Pride",55,"Water damage restoration in Indianapolis: extraction, drying and repairs with 24/7 emergency help. Call (463) 238-4357 for your free estimate today.",148
https://bechtpriderestoration.com/services/fire-damage/,service,"Fire Damage Restoration Indianapolis, IN | Becht Pride",54,"Fire damage restoration in Indianapolis: smoke cleanup, soot removal and rebuilding after a fire. Call (463) 238-4357 to discuss a free estimate.",145
https://bechtpriderestoration.com/services/mold-remediation/,service,"Mold Remediation Indianapolis, IN | Becht Pride",47,"Mold remediation in Indianapolis: assessment, containment, cleanup and repairs with moisture in mind. Call (463) 238-4357 for a free project estimate.",150
https://bechtpriderestoration.com/services/storm-damage/,service,"Storm Damage Restoration Indianapolis, IN | Becht Pride",55,"Storm damage restoration in Indianapolis: tarping, water cleanup and repairs after wind or rain. Call (463) 238-4357 for emergency help and an estimate.",152
https://bechtpriderestoration.com/services/home-remodeling/,service,"Home Remodeling Indianapolis, IN | Becht Pride",46,"Home remodeling in Indianapolis: full renovations, basement finishing and post-damage rebuilding. Call (463) 238-4357 for a free project estimate.",146
https://bechtpriderestoration.com/services/kitchen-bathroom-remodeling/,service,"Kitchen & Bath Remodeling Indianapolis, IN | Becht Pride",56,"Kitchen and bathroom remodeling in Indianapolis: showers, cabinets, tile and room updates. Call (463) 238-4357 to arrange your free project estimate.",149
https://bechtpriderestoration.com/services/handyman-repairs/,service,"Handyman Repairs Indianapolis, IN | Becht Pride",47,"Handyman repairs in Indianapolis: drywall, painting, flooring and exterior home maintenance. Call (463) 238-4357 to discuss your free repair estimate.",150
https://bechtpriderestoration.com/services/decks/,service,"Deck Building & Repair Indianapolis, IN | Becht Pride",53,"Deck building and repair in Indianapolis: new decks, replacement and repairs to outdoor spaces. Call (463) 238-4357 to arrange a free project estimate.",151
https://bechtpriderestoration.com/services/deck-and-fence-staining/,service,"Deck & Fence Staining Indianapolis, IN | Becht Pride",52,Deck and fence staining in Indianapolis with surface preparation and finish options for your wood. Call (463) 238-4357 for a free project estimate.,147
https://bechtpriderestoration.com/services/fence-repair/,service,"Fence Repair Indianapolis, IN | Becht Pride",43,"Fence repair and installation in Indianapolis: discuss damaged sections, gates and replacement. Call (463) 238-4357 to arrange a free project estimate.",151
https://bechtpriderestoration.com/services/drywall/,service,"Drywall Repair Indianapolis, IN | Becht Pride",45,"Drywall repair and installation in Indianapolis: wall patches, ceilings, finishing and painting. Call (463) 238-4357 for a free home repair estimate.",149
https://bechtpriderestoration.com/services/painting/,service,"Painting Services Indianapolis, IN | Becht Pride",48,Interior and exterior painting in Indianapolis with surface preparation and drywall repair options. Call (463) 238-4357 for a free project estimate.,148
https://bechtpriderestoration.com/services/power-washing/,service,"Power Washing Indianapolis, IN | Becht Pride",44,Power washing in Indianapolis for exterior surfaces and preparation before painting or staining. Call (463) 238-4357 to discuss a free project estimate.,152
https://bechtpriderestoration.com/services/gutter-cleaning/,service,"Gutter Cleaning Indianapolis, IN | Becht Pride",46,"Gutter cleaning in Indianapolis: discuss debris removal, downspouts and exterior maintenance. Call (463) 238-4357 for your free home service estimate.",150
https://bechtpriderestoration.com/services/window-cleaning/,service,"Window Cleaning Indianapolis, IN | Becht Pride",46,"Window cleaning in Indianapolis: discuss interior and exterior windows, access and maintenance. Call (463) 238-4357 to arrange a free project estimate.",151
https://bechtpriderestoration.com/service-areas/,hub,Restoration Service Areas in Indiana | Becht Pride,50,"Explore restoration and remodeling in 14 Central Indiana cities, including Indianapolis. Call (463) 238-4357 for emergency help or a free estimate.",147
https://bechtpriderestoration.com/service-areas/indianapolis-in/,city,"Restoration in Indianapolis, IN | Becht Pride",45,"Water, fire, mold and storm restoration in Indianapolis, IN, plus home remodeling. Call (463) 238-4357 for 24/7 emergency help or a free project estimate.",154
https://bechtpriderestoration.com/service-areas/carmel-in/,city,"Restoration in Carmel, IN | Becht Pride",39,"Water, fire, mold and storm restoration in Carmel, IN, plus home remodeling. Call (463) 238-4357 for 24/7 emergency help or a free project estimate.",148
https://bechtpriderestoration.com/service-areas/fishers-in/,city,"Restoration in Fishers, IN | Becht Pride",40,"Water, fire, mold and storm restoration in Fishers, IN, plus home remodeling. Call (463) 238-4357 for 24/7 emergency help or a free project estimate.",149
https://bechtpriderestoration.com/service-areas/noblesville-in/,city,"Restoration in Noblesville, IN | Becht Pride",44,"Water, fire, mold and storm restoration in Noblesville, IN, plus home remodeling. Call (463) 238-4357 for 24/7 emergency help or a free project estimate.",153
https://bechtpriderestoration.com/service-areas/westfield-in/,city,"Restoration in Westfield, IN | Becht Pride",42,"Water, fire, mold and storm restoration in Westfield, IN, plus home remodeling. Call (463) 238-4357 for 24/7 emergency help or a free project estimate.",151
https://bechtpriderestoration.com/service-areas/greenwood-in/,city,"Restoration in Greenwood, IN | Becht Pride",42,"Water, fire, mold and storm restoration in Greenwood, IN, plus home remodeling. Call (463) 238-4357 for 24/7 emergency help or a free project estimate.",151
https://bechtpriderestoration.com/service-areas/zionsville-in/,city,"Restoration in Zionsville, IN | Becht Pride",43,"Water, fire, mold and storm restoration in Zionsville, IN, plus home remodeling. Call (463) 238-4357 for 24/7 emergency help or a free project estimate.",152
https://bechtpriderestoration.com/service-areas/avon-in/,city,"Restoration in Avon, IN | Becht Pride",37,"Water, fire, mold and storm restoration in Avon, IN, plus home remodeling. Call (463) 238-4357 for 24/7 emergency help or a free project estimate.",146
https://bechtpriderestoration.com/service-areas/plainfield-in/,city,"Restoration in Plainfield, IN | Becht Pride",43,"Water, fire, mold and storm restoration in Plainfield, IN, plus home remodeling. Call (463) 238-4357 for 24/7 emergency help or a free project estimate.",152
https://bechtpriderestoration.com/service-areas/brownsburg-in/,city,"Restoration in Brownsburg, IN | Becht Pride",43,"Water, fire, mold and storm restoration in Brownsburg, IN, plus home remodeling. Call (463) 238-4357 for 24/7 emergency help or a free project estimate.",152
https://bechtpriderestoration.com/service-areas/franklin-in/,city,"Restoration in Franklin, IN | Becht Pride",41,"Water, fire, mold and storm restoration in Franklin, IN, plus home remodeling. Call (463) 238-4357 for 24/7 emergency help or a free project estimate.",150
https://bechtpriderestoration.com/service-areas/mccordsville-in/,city,"Restoration in McCordsville, IN | Becht Pride",45,"Water, fire, mold and storm restoration in McCordsville, IN, plus home remodeling. Call (463) 238-4357 for 24/7 emergency help or a free project estimate.",154
https://bechtpriderestoration.com/service-areas/fortville-in/,city,"Restoration in Fortville, IN | Becht Pride",42,"Water, fire, mold and storm restoration in Fortville, IN, plus home remodeling. Call (463) 238-4357 for 24/7 emergency help or a free project estimate.",151
https://bechtpriderestoration.com/service-areas/anderson-in/,city,"Restoration in Anderson, IN | Becht Pride",41,"Water, fire, mold and storm restoration in Anderson, IN, plus home remodeling. Call (463) 238-4357 for 24/7 emergency help or a free project estimate.",150
